Time(s),Temp(K),Field(Oe),Helmholtz_Current(A),Helmholtz_Field(G),Hall_Voltage(V),Hall_Voltage_Error(V),Hall_Field(G),Hall_Field_Error(G),Channel,LockIn_X(V),LockIn_X_Error(V),LockIn_Y(V),LockIn_Y_Error(V),LockIn_R(V),LockIn_R_Error(V),LockIn_Theta(deg),LockIn_Theta_Error(deg),LockIn_Average_Count,Frequency(Hz),Sensitivity(V),Resistor(Ohm),Output_Voltage(V),Output_Current(A),Time_Constant(s),Sample_Resistance(Ohm),Sample_Resistance_Error(Ohm),IV_Point,IV_Source_Current(mA),IV_Source_Voltage(V),IV_Measured_Voltage(V),IV_Measured_Current(mA),Measurement_Type,Notes
2.384185791015625e-07,8.0,0.0,0.0,0.0,nan,nan,nan,nan,a,nan,nan,nan,nan,nan,nan,nan,nan,nan,nan,nan,nan,nan,nan,nan,167956767.4472435,0.0,nan,1e-05,nan,1.6795676744724353,nan,Resistance,
1.2415103912353516,8.0,0.0,0.0,0.0,nan,nan,nan,nan,b,nan,nan,nan,nan,nan,nan,nan,nan,nan,nan,nan,nan,nan,nan,nan,-111735118.26300102,0.0,nan,1e-05,nan,-1.1173511826300102,nan,Resistance,
7.48898720741272,7.000000953674316,0.0,0.0,0.0,nan,nan,nan,nan,a,nan,nan,nan,nan,nan,nan,nan,nan,nan,nan,nan,nan,nan,nan,nan,-390640065.7681268,0.0,nan,1e-05,nan,-3.9064006576812678,nan,Resistance,
8.724405527114868,7.000000953674316,0.0,0.0,0.0,nan,nan,nan,nan,b,nan,nan,nan,nan,nan,nan,nan,nan,nan,nan,nan,nan,nan,nan,nan,-308421976.005729,0.0,nan,1e-05,nan,-3.08421976005729,nan,Resistance,
9.978361129760742,6.666667938232422,0.0,0.0,0.0,nan,nan,nan,nan,a,nan,nan,nan,nan,nan,nan,nan,nan,nan,nan,nan,nan,nan,nan,nan,-222002831.06497318,0.0,nan,1e-05,nan,-2.220028310649732,nan,Resistance,
11.268543481826782,6.666667938232422,0.0,0.0,0.0,nan,nan,nan,nan,b,nan,nan,nan,nan,nan,nan,nan,nan,nan,nan,nan,nan,nan,nan,nan,159658069.69460115,0.0,nan,1e-05,nan,1.5965806969460115,nan,Resistance,
12.560967683792114,6.333334922790527,0.0,0.0,0.0,nan,nan,nan,nan,a,nan,nan,nan,nan,nan,nan,nan,nan,nan,nan,nan,nan,nan,nan,nan,-197578939.51913187,0.0,nan,1e-05,nan,-1.9757893951913188,nan,Resistance,
13.844868659973145,6.000001907348633,0.0,0.0,0.0,nan,nan,nan,nan,b,nan,nan,nan,nan,nan,nan,nan,nan,nan,nan,nan,nan,nan,nan,nan,-373355093.95055497,0.0,nan,1e-05,nan,-3.73355093950555,nan,Resistance,
15.098100900650024,6.000001907348633,0.0,0.0,0.0,nan,nan,nan,nan,a,nan,nan,nan,nan,nan,nan,nan,nan,nan,nan,nan,nan,nan,nan,nan,-396429764.90948284,0.0,nan,1e-05,nan,-3.9642976490948287,nan,Resistance,
16.341390371322632,5.666668891906738,0.0,0.0,0.0,nan,nan,nan,nan,b,nan,nan,nan,nan,nan,nan,nan,nan,nan,nan,nan,nan,nan,nan,nan,98930587.5503234,0.0,nan,1e-05,nan,0.989305875503234,nan,Resistance,
17.656676292419434,5.333335876464844,0.0,0.0,0.0,nan,nan,nan,nan,a,nan,nan,nan,nan,nan,nan,nan,nan,nan,nan,nan,nan,nan,nan,nan,162439534.6465283,0.0,nan,1e-05,nan,1.624395346465283,nan,Resistance,
18.949928283691406,5.333335876464844,0.0,0.0,0.0,nan,nan,nan,nan,b,nan,nan,nan,nan,nan,nan,nan,nan,nan,nan,nan,nan,nan,nan,nan,210330162.27005893,0.0,nan,1e-05,nan,2.1033016227005894,nan,Resistance,
20.190603494644165,5.000002861022949,0.0,0.0,0.0,nan,nan,nan,nan,a,nan,nan,nan,nan,nan,nan,nan,nan,nan,nan,nan,nan,nan,nan,nan,229394049.07099682,0.0,nan,1e-05,nan,2.2939404907099683,nan,Resistance,
21.438241243362427,5.000002861022949,0.0,0.0,0.0,nan,nan,nan,nan,b,nan,nan,nan,nan,nan,nan,nan,nan,nan,nan,nan,nan,nan,nan,nan,36663415.99894116,0.0,nan,1e-05,nan,0.3666341599894116,nan,Resistance,
22.755791664123535,4.666669845581055,0.0,0.0,0.0,nan,nan,nan,nan,a,nan,nan,nan,nan,nan,nan,nan,nan,nan,nan,nan,nan,nan,nan,nan,-174375934.5222486,0.0,nan,1e-05,nan,-1.743759345222486,nan,Resistance,
23.99251365661621,4.33333683013916,0.0,0.0,0.0,nan,nan,nan,nan,b,nan,nan,nan,nan,nan,nan,nan,nan,nan,nan,nan,nan,nan,nan,nan,-89517630.07648925,0.0,nan,1e-05,nan,-0.8951763007648925,nan,Resistance,
25.273538827896118,4.33333683013916,0.0,0.0,0.0,nan,nan,nan,nan,a,nan,nan,nan,nan,nan,nan,nan,nan,nan,nan,nan,nan,nan,nan,nan,-86431525.38977942,0.0,nan,1e-05,nan,-0.8643152538977942,nan,Resistance,
26.571077346801758,4.000003814697266,0.0,0.0,0.0,nan,nan,nan,nan,b,nan,nan,nan,nan,nan,nan,nan,nan,nan,nan,nan,nan,nan,nan,nan,78677271.43876597,0.0,nan,1e-05,nan,0.7867727143876597,nan,Resistance,
27.858723878860474,3.666670322418213,0.0,0.0,0.0,nan,nan,nan,nan,a,nan,nan,nan,nan,nan,nan,nan,nan,nan,nan,nan,nan,nan,nan,nan,-30991291.187407684,0.0,nan,1e-05,nan,-0.3099129118740768,nan,Resistance,
29.155452489852905,3.666670322418213,0.0,0.0,0.0,nan,nan,nan,nan,b,nan,nan,nan,nan,nan,nan,nan,nan,nan,nan,nan,nan,nan,nan,nan,-255834252.3787731,0.0,nan,1e-05,nan,-2.558342523787731,nan,Resistance,
30.453540563583374,3.33333683013916,0.0,0.0,0.0,nan,nan,nan,nan,a,nan,nan,nan,nan,nan,nan,nan,nan,nan,nan,nan,nan,nan,nan,nan,-238183639.2400557,0.0,nan,1e-05,nan,-2.3818363924005572,nan,Resistance,
31.720850944519043,3.0000033378601074,0.0,0.0,0.0,nan,nan,nan,nan,b,nan,nan,nan,nan,nan,nan,nan,nan,nan,nan,nan,nan,nan,nan,nan,108436039.82188934,0.0,nan,1e-05,nan,1.0843603982188934,nan,Resistance,
32.96047806739807,3.0000033378601074,0.0,0.0,0.0,nan,nan,nan,nan,a,nan,nan,nan,nan,nan,nan,nan,nan,nan,nan,nan,nan,nan,nan,nan,-390455795.379721,0.0,nan,1e-05,nan,-3.9045579537972097,nan,Resistance,
34.243985414505005,2.6666698455810547,0.0,0.0,0.0,nan,nan,nan,nan,b,nan,nan,nan,nan,nan,nan,nan,nan,nan,nan,nan,nan,nan,nan,nan,-47821873.57823633,0.0,nan,1e-05,nan,-0.4782187357823633,nan,Resistance,
35.522600412368774,2.6666698455810547,0.0,0.0,0.0,nan,nan,nan,nan,a,nan,nan,nan,nan,nan,nan,nan,nan,nan,nan,nan,nan,nan,nan,nan,26670531.854527466,0.0,nan,1e-05,nan,0.2667053185452747,nan,Resistance,
36.80435395240784,2.333336353302002,0.0,0.0,0.0,nan,nan,nan,nan,b,nan,nan,nan,nan,nan,nan,nan,nan,nan,nan,nan,nan,nan,nan,nan,-177820856.8402909,0.0,nan,1e-05,nan,-1.778208568402909,nan,Resistance,
38.03877401351929,2.000002861022949,0.0,0.0,0.0,nan,nan,nan,nan,a,nan,nan,nan,nan,nan,nan,nan,nan,nan,nan,nan,nan,nan,nan,nan,497320277.2890876,0.0,nan,1e-05,nan,4.973202772890876,nan,Resistance,
39.32306218147278,2.000002861022949,0.0,0.0,0.0,nan,nan,nan,nan,b,nan,nan,nan,nan,nan,nan,nan,nan,nan,nan,nan,nan,nan,nan,nan,149807502.73965323,0.0,nan,1e-05,nan,1.4980750273965322,nan,Resistance,
40.60755276679993,1.7999999523162842,0.0,0.0,0.0,nan,nan,nan,nan,a,nan,nan,nan,nan,nan,nan,nan,nan,nan,nan,nan,nan,nan,nan,nan,201100950.45983592,0.0,nan,1e-05,nan,2.011009504598359,nan,Resistance,
41.903990030288696,1.7999999523162842,0.0,0.0,0.0,nan,nan,nan,nan,b,nan,nan,nan,nan,nan,nan,nan,nan,nan,nan,nan,nan,nan,nan,nan,-98499878.13743061,0.0,nan,1e-05,nan,-0.9849987813743061,nan,Resistance,
43.16829705238342,1.7999999523162842,0.0,0.0,0.0,nan,nan,nan,nan,a,nan,nan,nan,nan,nan,nan,nan,nan,nan,nan,nan,nan,nan,nan,nan,210262400.35176474,0.0,nan,1e-05,nan,2.1026240035176476,nan,Resistance,
44.408658027648926,1.7999999523162842,0.0,0.0,0.0,nan,nan,nan,nan,b,nan,nan,nan,nan,nan,nan,nan,nan,nan,nan,nan,nan,nan,nan,nan,-57032923.71767621,0.0,nan,1e-05,nan,-0.5703292371767621,nan,Resistance,
45.72111916542053,1.7999999523162842,0.0,0.0,0.0,nan,nan,nan,nan,a,nan,nan,nan,nan,nan,nan,nan,nan,nan,nan,nan,nan,nan,nan,nan,-437342964.88980603,0.0,nan,1e-05,nan,-4.37342964889806,nan,Resistance,
46.961666107177734,1.7999999523162842,0.0,0.0,0.0,nan,nan,nan,nan,b,nan,nan,nan,nan,nan,nan,nan,nan,nan,nan,nan,nan,nan,nan,nan,53454766.075924955,0.0,nan,1e-05,nan,0.5345476607592495,nan,Resistance,
48.20448422431946,1.7999999523162842,0.0,0.0,0.0,nan,nan,nan,nan,a,nan,nan,nan,nan,nan,nan,nan,nan,nan,nan,nan,nan,nan,nan,nan,429617642.1994987,0.0,nan,1e-05,nan,4.296176421994987,nan,Resistance,
49.47327971458435,1.7999999523162842,0.0,0.0,0.0,nan,nan,nan,nan,b,nan,nan,nan,nan,nan,nan,nan,nan,nan,nan,nan,nan,nan,nan,nan,2555575.312199117,0.0,nan,1e-05,nan,0.02555575312199117,nan,Resistance,
50.71782088279724,1.7999999523162842,0.0,0.0,0.0,nan,nan,nan,nan,a,nan,nan,nan,nan,nan,nan,nan,nan,nan,nan,nan,nan,nan,nan,nan,-70579582.9854213,0.0,nan,1e-05,nan,-0.705795829854213,nan,Resistance,
51.955893993377686,1.7999999523162842,0.0,0.0,0.0,nan,nan,nan,nan,b,nan,nan,nan,nan,nan,nan,nan,nan,nan,nan,nan,nan,nan,nan,nan,-348745279.47536206,0.0,nan,1e-05,nan,-3.487452794753621,nan,Resistance,
53.19082546234131,1.7999999523162842,0.0,0.0,0.0,nan,nan,nan,nan,a,nan,nan,nan,nan,nan,nan,nan,nan,nan,nan,nan,nan,nan,nan,nan,164990758.3771228,0.0,nan,1e-05,nan,1.649907583771228,nan,Resistance,
54.43229866027832,1.7999999523162842,0.0,0.0,0.0,nan,nan,nan,nan,b,nan,nan,nan,nan,nan,nan,nan,nan,nan,nan,nan,nan,nan,nan,nan,57809231.681500115,0.0,nan,1e-05,nan,0.5780923168150012,nan,Resistance,
55.74819254875183,1.7999999523162842,0.0,0.0,0.0,nan,nan,nan,nan,a,nan,nan,nan,nan,nan,nan,nan,nan,nan,nan,nan,nan,nan,nan,nan,52693717.73820243,0.0,nan,1e-05,nan,0.5269371773820243,nan,Resistance,
57.05573225021362,1.7999999523162842,0.0,0.0,0.0,nan,nan,nan,nan,b,nan,nan,nan,nan,nan,nan,nan,nan,nan,nan,nan,nan,nan,nan,nan,225069437.53277552,0.0,nan,1e-05,nan,2.2506943753277553,nan,Resistance,
58.29180455207825,1.7999999523162842,0.0,0.0,0.0,nan,nan,nan,nan,a,nan,nan,nan,nan,nan,nan,nan,nan,nan,nan,nan,nan,nan,nan,nan,155866032.1427811,0.0,nan,1e-05,nan,1.5586603214278112,nan,Resistance,
59.52532124519348,1.7999999523162842,0.0,0.0,0.0,nan,nan,nan,nan,b,nan,nan,nan,nan,nan,nan,nan,nan,nan,nan,nan,nan,nan,nan,nan,-100063617.80409238,0.0,nan,1e-05,nan,-1.0006361780409239,nan,Resistance,
60.760191202163696,1.7999999523162842,0.0,0.0,0.0,nan,nan,nan,nan,a,nan,nan,nan,nan,nan,nan,nan,nan,nan,nan,nan,nan,nan,nan,nan,-118153340.80562153,0.0,nan,1e-05,nan,-1.1815334080562154,nan,Resistance,
62.062493085861206,1.7999999523162842,0.0,0.0,0.0,nan,nan,nan,nan,b,nan,nan,nan,nan,nan,nan,nan,nan,nan,nan,nan,nan,nan,nan,nan,12819636.73713439,0.0,nan,1e-05,nan,0.1281963673713439,nan,Resistance,
63.33878183364868,1.7999999523162842,0.0,0.0,0.0,nan,nan,nan,nan,a,nan,nan,nan,nan,nan,nan,nan,nan,nan,nan,nan,nan,nan,nan,nan,-15225401.414723774,0.0,nan,1e-05,nan,-0.15225401414723774,nan,Resistance,
64.60996174812317,1.7999999523162842,0.0,0.0,0.0,nan,nan,nan,nan,b,nan,nan,nan,nan,nan,nan,nan,nan,nan,nan,nan,nan,nan,nan,nan,41430092.03379846,0.0,nan,1e-05,nan,0.41430092033798466,nan,Resistance,
65.87446689605713,1.7999999523162842,0.0,0.0,0.0,nan,nan,nan,nan,a,nan,nan,nan,nan,nan,nan,nan,nan,nan,nan,nan,nan,nan,nan,nan,241115112.90902528,0.0,nan,1e-05,nan,2.411151129090253,nan,Resistance,
67.2412211894989,1.7999999523162842,0.0,0.0,0.0,nan,nan,nan,nan,b,nan,nan,nan,nan,nan,nan,nan,nan,nan,nan,nan,nan,nan,nan,nan,11769809.406141527,0.0,nan,1e-05,nan,0.11769809406141528,nan,Resistance,
68.52073836326599,1.7999999523162842,0.0,0.0,0.0,nan,nan,nan,nan,a,nan,nan,nan,nan,nan,nan,nan,nan,nan,nan,nan,nan,nan,nan,nan,-169378397.71528912,0.0,nan,1e-05,nan,-1.6937839771528913,nan,Resistance,
69.77340078353882,1.7999999523162842,0.0,0.0,0.0,nan,nan,nan,nan,b,nan,nan,nan,nan,nan,nan,nan,nan,nan,nan,nan,nan,nan,nan,nan,380518278.8987482,0.0,nan,1e-05,nan,3.8051827889874823,nan,Resistance,
71.01173686981201,1.7999999523162842,0.0,0.0,0.0,nan,nan,nan,nan,a,nan,nan,nan,nan,nan,nan,nan,nan,nan,nan,nan,nan,nan,nan,nan,4079524.2207280556,0.0,nan,1e-05,nan,0.040795242207280556,nan,Resistance,
72.2868344783783,1.7999999523162842,0.0,0.0,0.0,nan,nan,nan,nan,b,nan,nan,nan,nan,nan,nan,nan,nan,nan,nan,nan,nan,nan,nan,nan,169761628.73439494,0.0,nan,1e-05,nan,1.6976162873439493,nan,Resistance,
73.52401995658875,1.7999999523162842,0.0,0.0,0.0,nan,nan,nan,nan,a,nan,nan,nan,nan,nan,nan,nan,nan,nan,nan,nan,nan,nan,nan,nan,45465323.51394294,0.0,nan,1e-05,nan,0.4546532351394294,nan,Resistance,
74.76882696151733,1.7999999523162842,0.0,0.0,0.0,nan,nan,nan,nan,b,nan,nan,nan,nan,nan,nan,nan,nan,nan,nan,nan,nan,nan,nan,nan,-16976530.35600242,0.0,nan,1e-05,nan,-0.1697653035600242,nan,Resistance,
76.00882077217102,1.7999999523162842,0.0,0.0,0.0,nan,nan,nan,nan,a,nan,nan,nan,nan,nan,nan,nan,nan,nan,nan,nan,nan,nan,nan,nan,152683093.3555024,0.0,nan,1e-05,nan,1.526830933555024,nan,Resistance,
77.26475286483765,1.7999999523162842,0.0,0.0,0.0,nan,nan,nan,nan,b,nan,nan,nan,nan,nan,nan,nan,nan,nan,nan,nan,nan,nan,nan,nan,288027287.7221131,0.0,nan,1e-05,nan,2.8802728772211306,nan,Resistance,
78.51337218284607,1.7999999523162842,0.0,0.0,0.0,nan,nan,nan,nan,a,nan,nan,nan,nan,nan,nan,nan,nan,nan,nan,nan,nan,nan,nan,nan,96464277.21637166,0.0,nan,1e-05,nan,0.9646427721637166,nan,Resistance,
79.77141761779785,1.7999999523162842,0.0,0.0,0.0,nan,nan,nan,nan,b,nan,nan,nan,nan,nan,nan,nan,nan,nan,nan,nan,nan,nan,nan,nan,-252018849.98369995,0.0,nan,1e-05,nan,-2.5201884998369994,nan,Resistance,
81.04170227050781,1.7999999523162842,0.0,0.0,0.0,nan,nan,nan,nan,a,nan,nan,nan,nan,nan,nan,nan,nan,nan,nan,nan,nan,nan,nan,nan,240071384.42579445,0.0,nan,1e-05,nan,2.4007138442579445,nan,Resistance,
82.28074169158936,1.7999999523162842,0.0,0.0,0.0,nan,nan,nan,nan,b,nan,nan,nan,nan,nan,nan,nan,nan,nan,nan,nan,nan,nan,nan,nan,-76896180.3628196,0.0,nan,1e-05,nan,-0.768961803628196,nan,Resistance,
83.5891182422638,1.7999999523162842,0.0,0.0,0.0,nan,nan,nan,nan,a,nan,nan,nan,nan,nan,nan,nan,nan,nan,nan,nan,nan,nan,nan,nan,-347877314.9715669,0.0,nan,1e-05,nan,-3.478773149715669,nan,Resistance,
84.85323405265808,1.7999999523162842,0.0,0.0,0.0,nan,nan,nan,nan,b,nan,nan,nan,nan,nan,nan,nan,nan,nan,nan,nan,nan,nan,nan,nan,-51447680.240899995,0.0,nan,1e-05,nan,-0.514476802409,nan,Resistance,
86.13037753105164,1.7999999523162842,0.0,0.0,0.0,nan,nan,nan,nan,a,nan,nan,nan,nan,nan,nan,nan,nan,nan,nan,nan,nan,nan,nan,nan,-335958940.3839341,0.0,nan,1e-05,nan,-3.359589403839341,nan,Resistance,
87.40999460220337,1.7999999523162842,0.0,0.0,0.0,nan,nan,nan,nan,b,nan,nan,nan,nan,nan,nan,nan,nan,nan,nan,nan,nan,nan,nan,nan,-27413173.340915654,0.0,nan,1e-05,nan,-0.27413173340915653,nan,Resistance,
88.67844653129578,1.7999999523162842,0.0,0.0,0.0,nan,nan,nan,nan,a,nan,nan,nan,nan,nan,nan,nan,nan,nan,nan,nan,nan,nan,nan,nan,-63595676.72074022,0.0,nan,1e-05,nan,-0.6359567672074022,nan,Resistance,
89.96649646759033,1.7999999523162842,0.0,0.0,0.0,nan,nan,nan,nan,b,nan,nan,nan,nan,nan,nan,nan,nan,nan,nan,nan,nan,nan,nan,nan,335655702.4844553,0.0,nan,1e-05,nan,3.356557024844553,nan,Resistance,
91.21467137336731,1.7999999523162842,0.0,0.0,0.0,nan,nan,nan,nan,a,nan,nan,nan,nan,nan,nan,nan,nan,nan,nan,nan,nan,nan,nan,nan,-84749583.1829274,0.0,nan,1e-05,nan,-0.847495831829274,nan,Resistance,
92.4733235836029,1.7999999523162842,0.0,0.0,0.0,nan,nan,nan,nan,b,nan,nan,nan,nan,nan,nan,nan,nan,nan,nan,nan,nan,nan,nan,nan,-135557297.0942688,0.0,nan,1e-05,nan,-1.355572970942688,nan,Resistance,
93.80300307273865,1.7999999523162842,0.0,0.0,0.0,nan,nan,nan,nan,a,nan,nan,nan,nan,nan,nan,nan,nan,nan,nan,nan,nan,nan,nan,nan,262631176.4065161,0.0,nan,1e-05,nan,2.626311764065161,nan,Resistance,
95.17429661750793,1.7999999523162842,0.0,0.0,0.0,nan,nan,nan,nan,b,nan,nan,nan,nan,nan,nan,nan,nan,nan,nan,nan,nan,nan,nan,nan,-33173265.484830916,0.0,nan,1e-05,nan,-0.33173265484830916,nan,Resistance,
96.40599489212036,1.7999999523162842,0.0,0.0,0.0,nan,nan,nan,nan,a,nan,nan,nan,nan,nan,nan,nan,nan,nan,nan,nan,nan,nan,nan,nan,265353334.81052494,0.0,nan,1e-05,nan,2.6535333481052494,nan,Resistance,
97.66002440452576,1.7999999523162842,0.0,0.0,0.0,nan,nan,nan,nan,b,nan,nan,nan,nan,nan,nan,nan,nan,nan,nan,nan,nan,nan,nan,nan,-212801764.4577143,0.0,nan,1e-05,nan,-2.128017644577143,nan,Resistance,
98.91014122962952,1.7999999523162842,0.0,0.0,0.0,nan,nan,nan,nan,a,nan,nan,nan,nan,nan,nan,nan,nan,nan,nan,nan,nan,nan,nan,nan,-113900908.00110868,0.0,nan,1e-05,nan,-1.1390090800110868,nan,Resistance,
100.15572142601013,1.7999999523162842,0.0,0.0,0.0,nan,nan,nan,nan,b,nan,nan,nan,nan,nan,nan,nan,nan,nan,nan,nan,nan,nan,nan,nan,255295699.3698903,0.0,nan,1e-05,nan,2.552956993698903,nan,Resistance,
101.43891382217407,1.7999999523162842,0.0,0.0,0.0,nan,nan,nan,nan,a,nan,nan,nan,nan,nan,nan,nan,nan,nan,nan,nan,nan,nan,nan,nan,42561458.8330496,0.0,nan,1e-05,nan,0.42561458833049604,nan,Resistance,
102.73995876312256,1.7999999523162842,0.0,0.0,0.0,nan,nan,nan,nan,b,nan,nan,nan,nan,nan,nan,nan,nan,nan,nan,nan,nan,nan,nan,nan,207423690.50226644,0.0,nan,1e-05,nan,2.0742369050226643,nan,Resistance,
